-- phpMyAdmin SQL Dump
-- version 4.1.7
-- http://www.phpmyadmin.net
--
-- Host: 127.0.0.1
-- Generation Time: Jul 17, 2014 at 09:45 AM
-- Server version: 5.6.16
-- PHP Version: 5.4.24

SET SQL_MODE = "NO_AUTO_VALUE_ON_ZERO";
SET time_zone = "+00:00";


/*!40101 SET @OLD_CHARACTER_SET_CLIENT=@@CHARACTER_SET_CLIENT */;
/*!40101 SET @OLD_CHARACTER_SET_RESULTS=@@CHARACTER_SET_RESULTS */;
/*!40101 SET @OLD_COLLATION_CONNECTION=@@COLLATION_CONNECTION */;
/*!40101 SET NAMES utf8 */;

--
-- Database: `Backoffice`
--

-- --------------------------------------------------------

--
-- Table structure for table `BO_accounting`
--

CREATE TABLE IF NOT EXISTS `BO_accounting` (
  `id` int(11) NOT NULL AUTO_INCREMENT,
  `date` date NOT NULL,
  `readyFlag` enum('Not Released','Released') NOT NULL DEFAULT 'Not Released' COMMENT '结算发布标志, 1:未发布, 2:已发布',
  `accountingStatus` enum('Unfinished','Calculating','Finished','Failure') NOT NULL DEFAULT 'Unfinished' COMMENT '结算状态标志, 1:未结算, 2:结算中, 3:结算完成, 4:结算失败',
  `internalStatus` int(11) NOT NULL DEFAULT '0',
  `ErrorInfo` text,
  `description` text,
  `lastUserId` int(11) NOT NULL COMMENT '最后改动用户ID',
  `lastUpdateTime` int(11) NOT NULL DEFAULT '0',
  `ts` timestamp NOT NULL DEFAULT CURRENT_TIMESTAMP ON UPDATE CURRENT_TIMESTAMP,
  PRIMARY KEY (`id`),
  UNIQUE KEY `accounting` (`date`)
) ENGINE=InnoDB  DEFAULT CHARSET=utf8 AUTO_INCREMENT=31 ;

--
-- Dumping data for table `BO_accounting`
--

INSERT INTO `BO_accounting` (`id`, `date`, `readyFlag`, `accountingStatus`, `internalStatus`, `ErrorInfo`, `description`, `lastUserId`, `lastUpdateTime`, `ts`) VALUES
(1, '2014-06-09', 'Released', 'Finished', 15, 'NONE', NULL, 1, 0, '2014-06-27 08:05:42'),
(5, '2014-06-10', 'Released', 'Finished', 15, 'NONE', NULL, 1, 0, '2014-06-27 08:10:56'),
(6, '2014-06-11', 'Released', 'Finished', 15, 'NONE', NULL, 1, 0, '2014-06-27 09:17:47'),
(11, '2014-06-12', 'Released', 'Finished', 15, 'NONE', NULL, 1, 0, '2014-06-27 09:26:31'),
(12, '2014-06-13', 'Released', 'Finished', 15, 'NONE', NULL, 1, 0, '2014-06-27 10:07:53'),
(17, '2014-06-16', 'Released', 'Finished', 15, 'NONE', NULL, 1, 1403254669, '2014-06-30 10:28:00'),
(30, '2014-06-30', 'Not Released', 'Unfinished', 0, NULL, 'new', 0, 1404132006, '2014-06-30 12:40:06');

-- --------------------------------------------------------

--
-- Table structure for table `BO_baseInterestGroup`
--

CREATE TABLE IF NOT EXISTS `BO_baseInterestGroup` (
  `id` int(11) NOT NULL AUTO_INCREMENT,
  `name` varchar(128) NOT NULL,
  `days` int(11) NOT NULL,
  `description` text,
  `lastUpdateTime` int(11) NOT NULL DEFAULT '0',
  `ts` timestamp NOT NULL DEFAULT CURRENT_TIMESTAMP ON UPDATE CURRENT_TIMESTAMP,
  PRIMARY KEY (`id`),
  UNIQUE KEY `name` (`name`)
) ENGINE=InnoDB  DEFAULT CHARSET=utf8 AUTO_INCREMENT=2 ;

--
-- Dumping data for table `BO_baseInterestGroup`
--

INSERT INTO `BO_baseInterestGroup` (`id`, `name`, `days`, `description`, `lastUpdateTime`, `ts`) VALUES
(1, 'LIBOR', 360, 'LIBOR', 1403268567, '2014-06-20 12:49:27');

-- --------------------------------------------------------

--
-- Table structure for table `BO_baseInterestGroupRates`
--

CREATE TABLE IF NOT EXISTS `BO_baseInterestGroupRates` (
  `id` int(11) NOT NULL AUTO_INCREMENT,
  `baseInterestGroupId` int(11) NOT NULL,
  `currencyTypeId` int(11) NOT NULL,
  `rate` decimal(52,12) NOT NULL,
  `lastUpdateTime` int(11) NOT NULL DEFAULT '0',
  `ts` timestamp NOT NULL DEFAULT CURRENT_TIMESTAMP ON UPDATE CURRENT_TIMESTAMP,
  PRIMARY KEY (`id`),
  UNIQUE KEY `baseInterestGroupRates` (`baseInterestGroupId`,`currencyTypeId`)
) ENGINE=InnoDB  DEFAULT CHARSET=utf8 AUTO_INCREMENT=11 ;

--
-- Dumping data for table `BO_baseInterestGroupRates`
--

INSERT INTO `BO_baseInterestGroupRates` (`id`, `baseInterestGroupId`, `currencyTypeId`, `rate`, `lastUpdateTime`, `ts`) VALUES
(1, 1, 1, '0.035000000000', 0, '2014-06-09 23:51:30'),
(2, 1, 2, '0.040000000000', 0, '2014-06-09 23:51:30'),
(3, 1, 4, '0.100000000000', 1402623659, '2014-06-13 01:40:59'),
(4, 1, 11, '0.300000000000', 1402626613, '2014-06-13 02:30:13'),
(6, 1, 7, '0.050000000000', 1403254052, '2014-06-20 08:47:32'),
(7, 1, 3, '0.015000000000', 1403721258, '2014-06-25 18:34:19'),
(8, 1, 6, '0.050000000000', 1403851472, '2014-06-27 06:44:34'),
(9, 1, 12, '0.030000000000', 1403851606, '2014-06-27 06:46:48'),
(10, 1, 9, '0.030000000000', 1403851650, '2014-06-27 06:47:32');

-- --------------------------------------------------------

--
-- Table structure for table `BO_contracts`
--

CREATE TABLE IF NOT EXISTS `BO_contracts` (
  `ID` int(11) NOT NULL AUTO_INCREMENT,
  `FIRSTNAME` varchar(128) NOT NULL,
  `LASTNAME` varchar(128) NOT NULL,
  `BIRTHDAY` date DEFAULT NULL,
  `STREET` varchar(256) DEFAULT NULL,
  `NR` varchar(256) DEFAULT NULL,
  `ZIP` varchar(4) DEFAULT NULL,
  `TOWN` varchar(256) DEFAULT NULL,
  PRIMARY KEY (`ID`)
) ENGINE=InnoDB DEFAULT CHARSET=latin1;

--
-- Dumping data for table `BO_contracts`
--

INSERT INTO `BO_contracts` (`ID`, `FIRSTNAME`, `LASTNAME`, `BIRTHDAY`, `STREET`, `NR`, `ZIP`, `TOWN`) VALUES
(1, 'zhang', 'liang', '1991-02-06', 'nan shan road', 'x', '0556', 'x');

-- --------------------------------------------------------

--
-- Table structure for table `BO_currencyExchangeRate`
--

CREATE TABLE IF NOT EXISTS `BO_currencyExchangeRate` (
  `id` int(11) NOT NULL AUTO_INCREMENT,
  `currencyTypeId` int(11) NOT NULL,
  `targetCurrencyTypeId` int(11) NOT NULL,
  `rate` decimal(52,12) NOT NULL COMMENT '由currency兑换到targetCurrency的汇率',
  `accountingId` int(11) NOT NULL DEFAULT '0',
  `lastUpdateTime` int(11) NOT NULL DEFAULT '0',
  `ts` timestamp NOT NULL DEFAULT CURRENT_TIMESTAMP ON UPDATE CURRENT_TIMESTAMP,
  PRIMARY KEY (`id`),
  KEY `currencyExchangeRate` (`currencyTypeId`,`targetCurrencyTypeId`,`accountingId`)
) ENGINE=InnoDB  DEFAULT CHARSET=utf8 AUTO_INCREMENT=564 ;

--
-- Dumping data for table `BO_currencyExchangeRate`
--

INSERT INTO `BO_currencyExchangeRate` (`id`, `currencyTypeId`, `targetCurrencyTypeId`, `rate`, `accountingId`, `lastUpdateTime`, `ts`) VALUES
(173, 6, 1, '0.800000000000', 17, 0, '2014-06-30 08:35:22'),
(174, 1, 6, '1.250000000000', 17, 0, '2014-06-30 08:35:22'),
(175, 2, 1, '1.350000000000', 17, 0, '2014-06-30 08:35:22'),
(176, 1, 2, '0.740000000000', 17, 0, '2014-06-30 08:35:22'),
(177, 4, 1, '0.009800000000', 17, 0, '2014-06-30 08:35:22'),
(178, 1, 4, '102.270000000000', 17, 0, '2014-06-30 08:35:22'),
(179, 11, 1, '0.000982100000', 17, 0, '2014-06-30 08:35:22'),
(180, 7, 12, '5.100000000000', 17, 0, '2014-06-30 08:35:22'),
(181, 7, 1, '0.160000000000', 17, 0, '2014-06-30 08:35:22'),
(182, 10, 1, '0.320000000000', 17, 0, '2014-06-30 08:35:22'),
(183, 12, 1, '0.032000000000', 17, 0, '2014-06-30 08:35:22'),
(184, 8, 1, '0.930000000000', 17, 0, '2014-06-30 08:35:22'),
(185, 5, 1, '0.130000000000', 17, 0, '2014-06-30 08:35:22'),
(186, 3, 1, '1.200000000000', 17, 0, '2014-06-30 08:35:22'),
(187, 9, 1, '0.076000000000', 17, 0, '2014-06-30 08:35:22'),
(188, 1, 12, '29.900000000000', 17, 0, '2014-06-30 08:35:22'),
(548, 6, 1, '0.800000000000', 18, 0, '2014-06-30 12:40:06'),
(549, 1, 6, '1.250000000000', 18, 0, '2014-06-30 12:40:06'),
(550, 2, 1, '1.350000000000', 18, 0, '2014-06-30 12:40:06'),
(551, 1, 2, '0.740000000000', 18, 0, '2014-06-30 12:40:06'),
(552, 4, 1, '0.009800000000', 18, 0, '2014-06-30 12:40:06'),
(553, 1, 4, '102.270000000000', 18, 0, '2014-06-30 12:40:06'),
(554, 11, 1, '0.000982100000', 18, 0, '2014-06-30 12:40:06'),
(555, 7, 12, '5.100000000000', 18, 0, '2014-06-30 12:40:06'),
(556, 7, 1, '0.160000000000', 18, 0, '2014-06-30 12:40:06'),
(557, 10, 1, '0.320000000000', 18, 0, '2014-06-30 12:40:06'),
(558, 12, 1, '0.032000000000', 18, 0, '2014-06-30 12:40:06'),
(559, 8, 1, '0.930000000000', 18, 0, '2014-06-30 12:40:06'),
(560, 5, 1, '0.130000000000', 18, 0, '2014-06-30 12:40:06'),
(561, 3, 1, '1.200000000000', 18, 0, '2014-06-30 12:40:06'),
(562, 9, 1, '0.076000000000', 18, 0, '2014-06-30 12:40:06'),
(563, 1, 12, '29.900000000000', 18, 0, '2014-06-30 12:40:06');

-- --------------------------------------------------------

--
-- Table structure for table `FESTIVAL_CATEGORY`
--

CREATE TABLE IF NOT EXISTS `FESTIVAL_CATEGORY` (
  `ID` int(11) NOT NULL,
  `NAME` varchar(40) NOT NULL,
  `KEYWORD` char(4) NOT NULL,
  `PARENT` char(4) NOT NULL,
  `COLOR` char(6) NOT NULL,
  PRIMARY KEY (`ID`)
) ENGINE=InnoDB DEFAULT CHARSET=latin1;

--
-- Dumping data for table `FESTIVAL_CATEGORY`
--

INSERT INTO `FESTIVAL_CATEGORY` (`ID`, `NAME`, `KEYWORD`, `PARENT`, `COLOR`) VALUES
(1, 'Official Selection: competition', 'comp', '0', 'FF8C00'),
(2, 'Official Selection: festival', 'fest', '0', '00CED1'),
(3, 'Focus on the director', 'fdir', '0', 'FF0000'),
(4, 'World cinema', 'worl', '0', '7CFC00'),
(5, 'Specials', 'spec', '0', 'ADD8E6'),
(6, 'Focus on Stanley Kubrick', 'kubr', '3', 'FF0000'),
(7, 'Focus on Akira Kurosawa', 'kuro', '3', 'FF0000'),
(8, 'Focus on Zhang Yimou', 'zha', '3', 'FF0000'),
(9, 'Focus on Ang Lee', 'lee', '3', 'FF0000'),
(10, 'Focus on Kim Ki-Duk', 'kim', '3', 'FF0000'),
(11, 'Focus on Guillermo del Toro', 'toro', '3', 'FF0000'),
(12, 'French cinema', 'fran', '4', '7CFC00'),
(13, 'Scandinavian cinema', 'scan', '4', '7CFC00'),
(14, 'South-American cinema', 's-am', '4', '7CFC00'),
(15, 'Superheroes special', 'hero', '5', 'ADD8E6'),
(16, 'Eighties teen pictures', 'teen', '5', 'ADD8E6'),
(17, 'Manga and anime special', 'anim', '5', 'ADD8E6'),
(18, 'Charlie Kauffman special', 'kauf', '5', 'ADD8E6'),
(19, 'River Phoenix special', 'rive', '5', 'ADD8E6');

-- --------------------------------------------------------

--
-- Table structure for table `FESTIVAL_ENTRY`
--

CREATE TABLE IF NOT EXISTS `FESTIVAL_ENTRY` (
  `FILM_ID` int(11) NOT NULL,
  `YEAR` int(11) NOT NULL,
  `CATEGORY_ID` int(11) NOT NULL,
  PRIMARY KEY (`FILM_ID`,`YEAR`)
) ENGINE=InnoDB DEFAULT CHARSET=latin1;

--
-- Dumping data for table `FESTIVAL_ENTRY`
--

INSERT INTO `FESTIVAL_ENTRY` (`FILM_ID`, `YEAR`, `CATEGORY_ID`) VALUES
(1, 2011, 6),
(2, 2011, 6),
(3, 2011, 6),
(4, 2011, 6),
(5, 2011, 6),
(6, 2011, 6),
(7, 2011, 6),
(8, 2011, 6),
(9, 2011, 6),
(10, 2011, 6),
(11, 2011, 6),
(12, 2011, 6),
(13, 2011, 6),
(14, 2011, 7),
(15, 2011, 7),
(16, 2011, 7),
(17, 2011, 7),
(18, 2011, 7),
(19, 2011, 7),
(20, 2011, 8),
(21, 2011, 8),
(22, 2011, 8),
(23, 2011, 8),
(24, 2011, 8),
(25, 2011, 8),
(26, 2011, 2),
(27, 2011, 4),
(28, 2011, 10),
(29, 2011, 10),
(30, 2011, 10),
(31, 2011, 4),
(32, 2011, 12),
(33, 2011, 12),
(34, 2011, 12),
(35, 2011, 4),
(36, 2011, 4),
(37, 2011, 4),
(38, 2011, 15),
(39, 2011, 15),
(40, 2011, 15),
(41, 2011, 15),
(42, 2011, 15),
(43, 2011, 15),
(44, 2011, 15),
(45, 2011, 15),
(46, 2011, 15),
(47, 2011, 13),
(48, 2011, 13),
(49, 2011, 15),
(50, 2011, 15),
(51, 2011, 15),
(52, 2011, 4),
(53, 2011, 17),
(54, 2011, 2),
(55, 2011, 4),
(56, 2011, 1),
(57, 2011, 2),
(58, 2011, 12),
(59, 2011, 12),
(60, 2011, 17),
(61, 2011, 17),
(62, 2011, 14),
(63, 2011, 16),
(64, 2011, 16),
(65, 2011, 19),
(66, 2011, 16),
(67, 2011, 16),
(68, 2011, 16),
(69, 2011, 16),
(70, 2011, 4),
(71, 2011, 12),
(72, 2011, 17),
(73, 2011, 1),
(74, 2011, 9),
(75, 2011, 2),
(76, 2011, 14),
(77, 2011, 2),
(78, 2011, 1),
(79, 2011, 9),
(80, 2011, 9),
(81, 2011, 9),
(82, 2011, 9),
(83, 2011, 4),
(84, 2011, 2),
(85, 2011, 11),
(86, 2011, 11),
(87, 2011, 11),
(88, 2011, 14),
(89, 2011, 14),
(90, 2011, 14),
(91, 2011, 14),
(92, 2011, 14),
(93, 2011, 1),
(94, 2011, 13),
(95, 2011, 19),
(96, 2011, 2),
(97, 2011, 2),
(98, 2011, 1),
(99, 2011, 18),
(100, 2011, 18),
(101, 2011, 18),
(102, 2011, 19),
(103, 2011, 1),
(104, 2011, 18),
(105, 2011, 13),
(106, 2011, 13),
(107, 2011, 2),
(108, 2011, 4),
(109, 2011, 1),
(110, 2011, 19),
(111, 2011, 1),
(112, 2011, 2),
(113, 2011, 9),
(114, 2011, 13),
(115, 2011, 4),
(116, 2011, 2),
(117, 2011, 2),
(118, 2011, 14),
(119, 2011, 1),
(120, 2011, 4);

-- --------------------------------------------------------

--
-- Table structure for table `FESTIVAL_SCREENING`
--

CREATE TABLE IF NOT EXISTS `FESTIVAL_SCREENING` (
  `ID` int(11) NOT NULL,
  `DAY` date NOT NULL,
  `TIME` time NOT NULL,
  `LOCATION` varchar(4) NOT NULL,
  `FILM_ID` int(11) NOT NULL,
  `PRESS` int(11) NOT NULL,
  PRIMARY KEY (`ID`)
) ENGINE=InnoDB DEFAULT CHARSET=latin1;

--
-- Dumping data for table `FESTIVAL_SCREENING`
--

INSERT INTO `FESTIVAL_SCREENING` (`ID`, `DAY`, `TIME`, `LOCATION`, `FILM_ID`, `PRESS`) VALUES
(1, '2011-10-12', '09:30:00', 'GP.3', 111, 1),
(2, '2011-10-12', '11:30:00', 'GP.3', 56, 1),
(3, '2011-10-12', '14:30:00', 'GP.3', 52, 1),
(4, '2011-10-12', '20:00:00', 'GP.3', 26, 0),
(5, '2011-10-12', '20:00:00', 'GP.4', 26, 0),
(6, '2011-10-12', '20:00:00', 'GP.7', 26, 0),
(7, '2011-10-12', '20:00:00', 'GP.8', 26, 0),
(8, '2011-10-13', '09:30:00', 'GP.3', 109, 1),
(9, '2011-10-13', '11:30:00', 'GP.3', 98, 1),
(10, '2011-10-13', '17:00:00', 'GP.3', 113, 0),
(11, '2011-10-13', '20:00:00', 'GP.3', 111, 0),
(12, '2011-10-13', '22:30:00', 'GP.3', 82, 0),
(13, '2011-10-13', '09:30:00', 'GP.4', 83, 1),
(14, '2011-10-13', '12:15:00', 'GP.4', 84, 1),
(15, '2011-10-13', '17:00:00', 'GP.4', 53, 0),
(16, '2011-10-13', '20:00:00', 'GP.4', 42, 0),
(17, '2011-10-13', '22:30:00', 'GP.4', 43, 0),
(18, '2011-10-13', '17:00:00', 'GP.7', 30, 0),
(19, '2011-10-13', '20:00:00', 'GP.7', 66, 0),
(20, '2011-10-13', '22:30:00', 'GP.7', 69, 0),
(21, '2011-10-13', '17:00:00', 'GP.8', 85, 0),
(22, '2011-10-13', '20:00:00', 'GP.8', 60, 0),
(23, '2011-10-13', '22:30:00', 'GP.8', 29, 0),
(24, '2011-10-13', '20:00:00', 'MA.2', 12, 0),
(25, '2011-10-13', '20:00:00', 'MA.3', 12, 0),
(26, '2011-10-13', '20:00:00', 'CP.1', 52, 0),
(27, '2011-10-13', '20:00:00', 'CP.2', 52, 0),
(28, '2011-10-13', '20:00:00', 'CP.3', 52, 0),
(29, '2011-10-14', '09:30:00', 'GP.3', 119, 1),
(30, '2011-10-14', '11:15:00', 'GP.3', 93, 1),
(31, '2011-10-14', '14:30:00', 'GP.3', 109, 0),
(32, '2011-10-14', '17:00:00', 'GP.3', 81, 0),
(33, '2011-10-14', '20:00:00', 'GP.3', 56, 0),
(34, '2011-10-14', '22:30:00', 'GP.3', 74, 0),
(35, '2011-10-14', '09:30:00', 'GP.4', 77, 1),
(36, '2011-10-14', '11:15:00', 'GP.4', 97, 1),
(37, '2011-10-14', '14:30:00', 'GP.4', 44, 0),
(38, '2011-10-14', '17:00:00', 'GP.4', 45, 0),
(39, '2011-10-14', '20:00:00', 'GP.4', 46, 0),
(40, '2011-10-14', '22:30:00', 'GP.4', 53, 0),
(41, '2011-10-14', '14:30:00', 'GP.7', 22, 0),
(42, '2011-10-14', '17:00:00', 'GP.7', 86, 0),
(43, '2011-10-14', '20:00:00', 'GP.7', 60, 0),
(44, '2011-10-14', '22:30:00', 'GP.7', 20, 0),
(45, '2011-10-14', '14:30:00', 'GP.8', 66, 0),
(46, '2011-10-14', '17:00:00', 'GP.8', 90, 0),
(47, '2011-10-14', '20:00:00', 'GP.8', 63, 0),
(48, '2011-10-14', '22:30:00', 'GP.8', 97, 0),
(49, '2011-10-14', '14:30:00', 'MA.2', 111, 0),
(50, '2011-10-14', '17:00:00', 'MA.2', 8, 0),
(51, '2011-10-14', '20:00:00', 'MA.2', 98, 0),
(52, '2011-10-14', '22:30:00', 'MA.2', 1, 0),
(53, '2011-10-14', '14:30:00', 'MA.3', 93, 0),
(54, '2011-10-14', '17:00:00', 'MA.3', 11, 0),
(55, '2011-10-14', '20:00:00', 'MA.3', 4, 0),
(56, '2011-10-14', '14:30:00', 'CP.1', 83, 0),
(57, '2011-10-14', '17:30:00', 'CP.1', 120, 0),
(58, '2011-10-14', '20:00:00', 'CP.1', 115, 0),
(59, '2011-10-14', '22:30:00', 'CP.1', 36, 0),
(60, '2011-10-14', '14:30:00', 'CP.2', 47, 0),
(61, '2011-10-14', '17:00:00', 'CP.2', 71, 0),
(62, '2011-10-14', '20:00:00', 'CP.2', 32, 0),
(63, '2011-10-14', '22:30:00', 'CP.2', 90, 0),
(64, '2011-10-14', '14:30:00', 'CP.3', 89, 0),
(65, '2011-10-14', '17:00:00', 'CP.3', 114, 0),
(66, '2011-10-14', '20:00:00', 'CP.3', 94, 0),
(67, '2011-10-14', '22:30:00', 'CP.3', 33, 0),
(68, '2011-10-15', '09:30:00', 'GP.3', 73, 1),
(69, '2011-10-15', '11:30:00', 'GP.3', 103, 1),
(70, '2011-10-15', '14:30:00', 'GP.3', 111, 0),
(71, '2011-10-15', '17:00:00', 'GP.3', 80, 0),
(72, '2011-10-15', '20:00:00', 'GP.3', 98, 0),
(73, '2011-10-15', '22:30:00', 'GP.3', 79, 0),
(74, '2011-10-15', '09:30:00', 'GP.4', 35, 1),
(75, '2011-10-15', '11:30:00', 'GP.4', 27, 1),
(76, '2011-10-15', '14:30:00', 'GP.4', 21, 0),
(77, '2011-10-15', '17:00:00', 'GP.4', 49, 0),
(78, '2011-10-15', '20:00:00', 'GP.4', 50, 0),
(79, '2011-10-15', '22:30:00', 'GP.4', 51, 0),
(80, '2011-10-15', '14:30:00', 'GP.7', 42, 0),
(81, '2011-10-15', '17:00:00', 'GP.7', 43, 0),
(82, '2011-10-15', '20:00:00', 'GP.7', 84, 0),
(83, '2011-10-15', '22:30:00', 'GP.7', 30, 0),
(84, '2011-10-15', '14:30:00', 'GP.8', 87, 0),
(85, '2011-10-15', '17:00:00', 'GP.8', 97, 0),
(86, '2011-10-15', '20:00:00', 'GP.8', 64, 0),
(87, '2011-10-15', '22:30:00', 'GP.8', 63, 0),
(88, '2011-10-15', '14:30:00', 'MA.2', 56, 0),
(89, '2011-10-15', '17:00:00', 'MA.2', 5, 0),
(90, '2011-10-15', '20:00:00', 'MA.2', 93, 0),
(91, '2011-10-15', '22:30:00', 'MA.2', 100, 0),
(92, '2011-10-15', '14:30:00', 'MA.3', 3, 0),
(93, '2011-10-15', '17:00:00', 'MA.3', 13, 0),
(94, '2011-10-15', '20:00:00', 'MA.3', 7, 0),
(95, '2011-10-15', '22:30:00', 'MA.3', 65, 0),
(96, '2011-10-15', '14:30:00', 'CP.1', 31, 0),
(97, '2011-10-15', '17:00:00', 'CP.1', 115, 0),
(98, '2011-10-15', '19:30:00', 'CP.1', 83, 0),
(99, '2011-10-15', '22:30:00', 'CP.1', 34, 0),
(100, '2011-10-15', '14:30:00', 'CP.2', 106, 0),
(101, '2011-10-15', '17:00:00', 'CP.2', 76, 0),
(102, '2011-10-15', '20:00:00', 'CP.2', 58, 0),
(103, '2011-10-15', '22:30:00', 'CP.2', 59, 0),
(104, '2011-10-15', '14:30:00', 'CP.3', 94, 0),
(105, '2011-10-15', '17:00:00', 'CP.3', 89, 0),
(106, '2011-10-15', '20:00:00', 'CP.3', 62, 0),
(107, '2011-10-15', '22:30:00', 'CP.3', 105, 0),
(108, '2011-10-16', '09:30:00', 'GP.3', 112, 1),
(109, '2011-10-16', '11:30:00', 'GP.3', 78, 1),
(110, '2011-10-16', '14:30:00', 'GP.3', 93, 0),
(111, '2011-10-16', '17:00:00', 'GP.3', 24, 0),
(112, '2011-10-16', '20:00:00', 'GP.3', 119, 0),
(113, '2011-10-16', '22:30:00', 'GP.3', 160, 0),
(114, '2011-10-16', '09:30:00', 'GP.4', 55, 1),
(115, '2011-10-16', '11:30:00', 'GP.4', 108, 1),
(116, '2011-10-16', '14:30:00', 'GP.4', 18, 0),
(117, '2011-10-16', '17:00:00', 'GP.4', 19, 0),
(118, '2011-10-16', '19:30:00', 'GP.4', 41, 0),
(119, '2011-10-16', '22:30:00', 'GP.4', 84, 0),
(120, '2011-10-16', '14:30:00', 'GP.7', 44, 0),
(121, '2011-10-16', '17:00:00', 'GP.7', 45, 0),
(122, '2011-10-16', '20:00:00', 'GP.7', 46, 0),
(123, '2011-10-16', '22:30:00', 'GP.7', 28, 0),
(124, '2011-10-16', '14:30:00', 'GP.8', 69, 0),
(125, '2011-10-16', '17:00:00', 'GP.8', 64, 0),
(126, '2011-10-16', '20:00:00', 'GP.8', 110, 0),
(127, '2011-10-16', '22:30:00', 'GP.8', 77, 0),
(128, '2011-10-16', '14:30:00', 'MA.2', 119, 0),
(129, '2011-10-16', '17:00:00', 'MA.2', 104, 0),
(130, '2011-10-16', '20:00:00', 'MA.2', 73, 0),
(131, '2011-10-16', '22:30:00', 'MA.2', 2, 0),
(132, '2011-10-16', '14:00:00', 'MA.3', 4, 0),
(133, '2011-10-16', '17:30:00', 'MA.3', 10, 0),
(134, '2011-10-16', '20:00:00', 'MA.3', 9, 0),
(135, '2011-10-16', '14:30:00', 'CP.1', 37, 0),
(136, '2011-10-16', '17:00:00', 'CP.1', 35, 0),
(137, '2011-10-16', '20:00:00', 'CP.1', 120, 0),
(138, '2011-10-16', '22:30:00', 'CP.1', 31, 0),
(139, '2011-10-16', '14:30:00', 'CP.2', 27, 0),
(140, '2011-10-16', '17:00:00', 'CP.2', 71, 0),
(141, '2011-10-16', '20:00:00', 'CP.2', 106, 0),
(142, '2011-10-16', '22:30:00', 'CP.2', 32, 0),
(143, '2011-10-16', '14:30:00', 'CP.3', 88, 0),
(144, '2011-10-16', '17:00:00', 'CP.3', 118, 0),
(145, '2011-10-16', '20:00:00', 'CP.3', 90, 0),
(146, '2011-10-16', '22:30:00', 'CP.3', 62, 0),
(147, '2011-10-17', '09:30:00', 'GP.3', 54, 1),
(148, '2011-10-17', '11:30:00', 'GP.3', 75, 1),
(149, '2011-10-17', '14:30:00', 'GP.3', 78, 0),
(150, '2011-10-17', '17:00:00', 'GP.3', 77, 0),
(151, '2011-10-17', '20:00:00', 'GP.3', 73, 0),
(152, '2011-10-17', '22:30:00', 'GP.3', 72, 0),
(153, '2011-10-17', '09:30:00', 'GP.4', 57, 1),
(154, '2011-10-17', '11:45:00', 'GP.4', 96, 1),
(155, '2011-10-17', '14:30:00', 'GP.4', 38, 0),
(156, '2011-10-17', '17:00:00', 'GP.4', 39, 0),
(157, '2011-10-17', '20:00:00', 'GP.4', 40, 0),
(158, '2011-10-17', '22:30:00', 'GP.4', 98, 0),
(159, '2011-10-17', '14:30:00', 'GP.7', 23, 0),
(160, '2011-10-17', '17:00:00', 'GP.7', 110, 0),
(161, '2011-10-17', '20:00:00', 'GP.7', 112, 0),
(162, '2011-10-17', '22:30:00', 'GP.7', 29, 0),
(163, '2011-10-17', '14:30:00', 'GP.8', 61, 0),
(164, '2011-10-17', '17:00:00', 'GP.8', 95, 0),
(165, '2011-10-17', '20:00:00', 'GP.8', 97, 0),
(166, '2011-10-17', '22:30:00', 'GP.8', 65, 0),
(167, '2011-10-17', '14:30:00', 'MA.2', 73, 0),
(168, '2011-10-17', '17:00:00', 'MA.2', 7, 0),
(169, '2011-10-17', '20:00:00', 'MA.2', 78, 0),
(170, '2011-10-17', '22:30:00', 'MA.2', 93, 0),
(171, '2011-10-17', '14:30:00', 'MA.3', 99, 0),
(172, '2011-10-17', '17:00:00', 'MA.3', 1, 0),
(173, '2011-10-17', '19:30:00', 'MA.3', 5, 0),
(174, '2011-10-17', '22:30:00', 'MA.3', 102, 0),
(175, '2011-10-17', '14:30:00', 'CP.1', 55, 0),
(176, '2011-10-17', '17:00:00', 'CP.1', 34, 0),
(177, '2011-10-17', '20:00:00', 'CP.1', 108, 0),
(178, '2011-10-17', '22:30:00', 'CP.1', 48, 0),
(179, '2011-10-17', '14:30:00', 'CP.2', 58, 0),
(180, '2011-10-17', '17:00:00', 'CP.2', 59, 0),
(181, '2011-10-17', '20:00:00', 'CP.2', 27, 0),
(182, '2011-10-17', '22:30:00', 'CP.2', 47, 0),
(183, '2011-10-18', '09:30:00', 'GP.3', 116, 1),
(184, '2011-10-18', '11:15:00', 'GP.3', 117, 1),
(185, '2011-10-18', '14:30:00', 'GP.3', 103, 0),
(186, '2011-10-18', '17:00:00', 'GP.3', 72, 0),
(187, '2011-10-18', '20:00:00', 'GP.3', 15, 0),
(188, '2011-10-18', '22:30:00', 'GP.3', 14, 0),
(189, '2011-10-18', '09:30:00', 'GP.4', 70, 1),
(190, '2011-10-18', '11:30:00', 'GP.7', 96, 1),
(191, '2011-10-18', '14:00:00', 'GP.4', 41, 0),
(192, '2011-10-18', '17:00:00', 'GP.4', 102, 0),
(193, '2011-10-18', '20:00:00', 'GP.4', 25, 0),
(194, '2011-10-18', '22:30:00', 'GP.4', 110, 0),
(195, '2011-10-18', '14:30:00', 'GP.7', 97, 0),
(196, '2011-10-18', '17:00:00', 'GP.7', 57, 0),
(197, '2011-10-18', '20:00:00', 'GP.7', 54, 0),
(198, '2011-10-18', '22:30:00', 'GP.7', 75, 0),
(199, '2011-10-18', '14:30:00', 'GP.8', 112, 0),
(200, '2011-10-18', '17:00:00', 'GP.8', 61, 0),
(201, '2011-10-18', '20:00:00', 'GP.8', 77, 0),
(202, '2011-10-18', '22:30:00', 'GP.8', 96, 0),
(203, '2011-10-18', '14:30:00', 'MA.2', 109, 0),
(204, '2011-10-18', '17:00:00', 'MA.2', 11, 0),
(205, '2011-10-18', '20:00:00', 'MA.2', 103, 0),
(206, '2011-10-18', '22:30:00', 'MA.2', 3, 0),
(207, '2011-10-18', '14:00:00', 'MA.3', 9, 0),
(208, '2011-10-18', '17:30:00', 'MA.3', 2, 0),
(209, '2011-10-18', '19:30:00', 'MA.3', 13, 0),
(210, '2011-10-18', '22:30:00', 'MA.3', 95, 0),
(211, '2011-10-18', '14:30:00', 'CP.1', 76, 0),
(212, '2011-10-18', '17:30:00', 'CP.1', 35, 0),
(213, '2011-10-18', '20:00:00', 'CP.1', 55, 0),
(214, '2011-10-18', '22:30:00', 'CP.1', 114, 0),
(215, '2011-10-18', '14:30:00', 'CP.2', 36, 0),
(216, '2011-10-18', '17:00:00', 'CP.2', 33, 0),
(217, '2011-10-18', '20:00:00', 'CP.2', 37, 0),
(218, '2011-10-18', '22:30:00', 'CP.2', 32, 0),
(219, '2011-10-18', '14:30:00', 'CP.3', 91, 0),
(220, '2011-10-18', '17:00:00', 'CP.3', 92, 0),
(221, '2011-10-18', '20:00:00', 'CP.3', 88, 0),
(222, '2011-10-18', '22:30:00', 'CP.3', 91, 0),
(223, '2011-10-19', '09:30:00', 'GP.3', 38, 0),
(224, '2011-10-19', '11:30:00', 'GP.3', 39, 0),
(225, '2011-10-19', '14:30:00', 'GP.3', 40, 0),
(226, '2011-10-19', '20:00:00', 'GP.3', 107, 0),
(227, '2011-10-19', '09:30:00', 'GP.4', 49, 0),
(228, '2011-10-19', '11:30:00', 'GP.4', 50, 0),
(229, '2011-10-19', '14:30:00', 'GP.4', 51, 0),
(230, '2011-10-19', '20:00:00', 'GP.4', 107, 0),
(231, '2011-10-19', '10:00:00', 'GP.7', 54, 0),
(232, '2011-10-19', '14:30:00', 'GP.7', 116, 0),
(233, '2011-10-19', '20:00:00', 'GP.7', 107, 0),
(234, '2011-10-19', '10:00:00', 'GP.8', 117, 0),
(235, '2011-10-19', '14:30:00', 'GP.8', 75, 0),
(236, '2011-10-19', '20:00:00', 'GP.8', 107, 0),
(237, '2011-10-19', '14:30:00', 'MA.2', 10, 0),
(238, '2011-10-19', '17:00:00', 'MA.2', 101, 0),
(239, '2011-10-19', '14:30:00', 'MA.3', 8, 0),
(240, '2011-10-19', '17:00:00', 'MA.3', 110, 0),
(241, '2011-10-19', '14:30:00', 'CP.1', 108, 0),
(242, '2011-10-19', '17:00:00', 'CP.1', 70, 0),
(243, '2011-10-19', '14:30:00', 'CP.2', 105, 0),
(244, '2011-10-19', '17:00:00', 'CP.2', 48, 0),
(245, '2011-10-19', '14:30:00', 'CP.3', 118, 0),
(246, '2011-10-19', '17:00:00', 'CP.3', 92, 0);

-- --------------------------------------------------------

--
-- Table structure for table `FILM_COUNTRY`
--

CREATE TABLE IF NOT EXISTS `FILM_COUNTRY` (
  `ID` char(2) NOT NULL,
  `COUNTRY` varchar(60) NOT NULL,
  PRIMARY KEY (`ID`)
) ENGINE=InnoDB DEFAULT CHARSET=latin1;

--
-- Dumping data for table `FILM_COUNTRY`
--

INSERT INTO `FILM_COUNTRY` (`ID`, `COUNTRY`) VALUES
('AR', 'Argentina'),
('AT', 'Austria'),
('AU', 'Australia'),
('BA', 'Bosnia and Herzegovina'),
('BE', 'Belgium'),
('BR', 'Brazil'),
('CA', 'Canada'),
('CH', 'Switzerland'),
('CL', 'Chile'),
('CN', 'China'),
('DE', 'Germany'),
('DK', 'Denmark'),
('ES', 'Spain'),
('FR', 'France'),
('GB', 'United Kingdom'),
('GR', 'Greece'),
('HK', 'Hong Kong'),
('IL', 'Israel'),
('IN', 'India'),
('IT', 'Italy'),
('JP', 'Japan'),
('KR', 'South Korea'),
('MX', 'Mexico'),
('NO', 'Norway'),
('NP', 'Nepal'),
('RU', 'Russia'),
('SE', 'Sweden'),
('SI', 'Slovenia'),
('TH', 'Thailand'),
('TW', 'Taiwan'),
('US', 'United States'),
('UY', 'Uruguay');

-- --------------------------------------------------------

--
-- Table structure for table `FILM_DIRECTOR`
--

CREATE TABLE IF NOT EXISTS `FILM_DIRECTOR` (
  `ID` int(11) DEFAULT NULL,
  `NAME` varchar(60) NOT NULL,
  `GIVEN_NAME` varchar(60) NOT NULL
) ENGINE=InnoDB DEFAULT CHARSET=latin1;

--
-- Dumping data for table `FILM_DIRECTOR`
--

INSERT INTO `FILM_DIRECTOR` (`ID`, `NAME`, `GIVEN_NAME`) VALUES
(1, 'Kubrick', 'Stanley'),
(2, 'Kurosawa', 'Akira'),
(3, 'Zhang', 'Yimou'),
(4, 'Harlan', 'Jan'),
(5, 'Lean', 'David'),
(6, 'Sasanatieng', 'Wisit'),
(7, 'Ki-Duk', 'Kim'),
(8, 'Gavison', 'Savi'),
(9, 'Jeunet', 'Jean-Pierre'),
(10, 'Caro', 'Marc'),
(11, 'Tanovic', 'Danis'),
(12, 'Stolpovskaja', 'Olga'),
(13, 'Troitsky', 'Dmitry'),
(14, 'Voulgaris', 'Pantelis'),
(15, 'Singer', 'Bryan'),
(16, 'Ratner', 'Brett'),
(17, 'Nolan', 'Christopher'),
(18, 'Raimi', 'Sam'),
(19, 'Sundvall', 'Kjell'),
(20, 'Jensen', 'Tomas Villum'),
(21, 'Cameron', 'James'),
(22, 'Mostow', 'Jonathan'),
(23, 'Van Rompaey', 'Christophe'),
(24, 'Otomo', 'Katsuhiro'),
(25, 'Figgis', 'Mike'),
(26, 'Fukasaku', 'Kinji'),
(27, 'Isomura', 'Itsumichi'),
(28, 'Scott', 'Tony'),
(29, 'Berri', 'Claude'),
(30, 'Miyazaki', 'Hayao'),
(31, 'Oshii', 'Mamoru'),
(32, 'Taymor', 'Julie'),
(33, 'Deutch', 'Howard'),
(34, 'Hughes', 'John'),
(35, 'Zwick', 'Edward'),
(36, 'Schumacher', 'Joel'),
(37, 'Gowariker', 'Ashutosh'),
(38, 'Beineix', 'Jean-Jacques'),
(39, 'Valli', 'Eric'),
(40, 'Hedges', 'Peter'),
(41, 'Iu00c3u00b1u00c3u00a1rritu', 'Alejandro Gonzu00c3u00a1lez'),
(42, 'Reiner', 'Rob'),
(43, 'Dayton', 'Jonathan'),
(44, 'Faris', 'Valerie'),
(45, 'Lee', 'Ang'),
(46, 'Tornatore', 'Giuseppe'),
(47, 'Lynch', 'David'),
(48, 'del Toro', 'Guillermo'),
(49, 'Bielinsky', 'Fabiu00c3u00a1n'),
(50, 'Piu00c3u00b1eyro', 'Marcelo'),
(51, 'Charlone', 'Cu00c3u00a9sar'),
(52, 'Fernu00c3u00a1ndez', 'Enrique'),
(53, 'Hamburger', 'Cao'),
(54, 'Biraben', 'Gaston'),
(55, 'Lawrence', 'Ray'),
(56, 'Lumet', 'Sidney'),
(57, 'Moyle', 'Allan'),
(58, 'Levinson', 'Barry'),
(59, 'Fincher', 'David'),
(60, 'Jonze', 'Spike'),
(61, 'Gondry', 'Michel'),
(62, 'Clooney', 'George'),
(63, 'Van Sant', 'Gus'),
(64, 'Kelly', 'Richard'),
(65, 'Nu00c3u00a6ss', 'Petter'),
(66, 'Vinterberg', 'Thomas'),
(67, 'Welles', 'Orson'),
(68, 'Becker', 'Wolfgang'),
(69, 'Aronofsky', 'Darren'),
(70, 'Spielberg', 'Steven'),
(71, 'Ruzowitzky', 'Stefan'),
(72, 'Affleck', 'Ben'),
(73, 'Morgenthaler', 'Anders'),
(74, 'Huerga', 'Manuel'),
(75, 'Virgo', 'Clu00c3u00a9ment'),
(76, 'Saville', 'Matthew'),
(77, 'Wood', 'Andru00c3u00a9s'),
(78, 'Hamer', 'Bent'),
(79, 'Im', 'Sang-soo'),
(80, 'Fares', 'Josef');

-- --------------------------------------------------------

--
-- Table structure for table `FILM_MOVIETITLE`
--

CREATE TABLE IF NOT EXISTS `FILM_MOVIETITLE` (
  `ID` int(11) NOT NULL AUTO_INCREMENT,
  `TITLE` varchar(120) NOT NULL,
  `ORIGINAL_TITLE` varchar(120) DEFAULT NULL,
  `IMDB` varchar(8) NOT NULL,
  `YEAR` int(11) NOT NULL,
  `DURATION` int(11) NOT NULL,
  PRIMARY KEY (`ID`)
) ENGINE=InnoDB  DEFAULT CHARSET=latin1 AUTO_INCREMENT=121 ;

--
-- Dumping data for table `FILM_MOVIETITLE`
--

INSERT INTO `FILM_MOVIETITLE` (`ID`, `TITLE`, `ORIGINAL_TITLE`, `IMDB`, `YEAR`, `DURATION`) VALUES
(1, 'Killer''s Kiss', NULL, '0048254', 1955, 67),
(2, 'Killing, The', NULL, '0049406', 1956, 85),
(3, 'Paths of Glory', NULL, '0050825', 1957, 87),
(4, 'Spartacus', NULL, '0054331', 1960, 184),
(5, 'Lolita', NULL, '0056193', 1962, 152),
(6, 'Dr. Strangelove or: How I Learned to Stop Worrying and Love the Bomb', NULL, '0057012', 1964, 93),
(7, '2001: A Space Odyssey', NULL, '0062622', 1968, 141),
(8, 'Clockwork Orange, A', NULL, '0066921', 1971, 136),
(9, 'Barry Lyndon', NULL, '0072684', 1975, 184),
(10, 'Shining, The', NULL, '0081505', 1980, 142),
(11, 'Full Metal Jacket', NULL, '0093058', 1987, 116),
(12, 'Stanley Kubrick: A Life in Pictures', NULL, '0278736', 2001, 142),
(13, 'Eyes Wide Shut', NULL, '0120663', 1999, 159),
(14, 'Rashu00c3u00b4mon', NULL, '0042876', 1950, 88),
(15, 'Ikiru', NULL, '0044741', 1952, 143),
(16, 'Seven Samurai, The', 'Shichinin no samurai', '0047478', 1954, 160),
(17, 'Hidden Fortress', 'Kakushi-toride no san-akunin', '0051808', 1958, 139),
(18, 'Yojimbo', NULL, '0055630', 1961, 110),
(19, 'Sanjuro', 'Tsubaki Sanju00c3u00bbru00c3u00b4', '0056443', 1962, 96),
(20, 'Red Sorghum', 'Hong gao liang', '0093206', 1987, 91),
(21, 'Ju Dou', NULL, '0099902', 1990, 95),
(22, 'Road Home, The', 'Wo de fu qin mu qin', '0235060', 1999, 89),
(23, 'Hero', 'Ying xiong', '0299977', 2002, 99),
(24, 'House of Flying Daggers', 'Shi mian mai fu', '0385004', 2004, 119),
(25, 'Curse of the Golden Flower', 'Man cheng jin dai huang jin jia', '0473444', 2006, 114),
(26, 'Lawrence of Arabia', NULL, '0056172', 1962, 216),
(27, 'Tears of the Black Tiger', 'Fa talai jone', '0269217', 2000, 110),
(28, 'Isle, The', 'Seom', '0255589', 2000, 90),
(29, 'Spring, Summer, Autumn, Winter... and Spring', 'Bom yeoreum gaeul gyeoul geurigo bom', '0374546', 2003, 103),
(30, '3-Iron', 'Bin-jip', '0423866', 2004, 88),
(31, 'Nina''s Tragedies', 'Ha-Asonot Shel Nina', '0376007', 2003, 106),
(32, 'Amu00c3u00a9lie', 'Le fabuleux destin d''Amu00c3u00a9lie Poulain', '0211915', 2001, 122),
(33, 'Very Long Engagement, A', 'Un long dimanche de fianu00c3u00a7ailles', '0344510', 2004, 133),
(34, 'Delicatessen', NULL, '0101700', 1991, 99),
(35, 'No Man''s Land', 'Nikogaru00c5u00a1nja zemlja', '0283509', 2001, 98),
(36, 'You, I Love', 'Ya lyublyu tebya', '0402595', 2004, 86),
(37, 'Brides', 'Nyfes', '0368619', 2004, 128),
(38, 'X-Men', NULL, '0120903', 2000, 104),
(39, 'X2', NULL, '0290334', 2003, 133),
(40, 'X-Men: The Last Stand', NULL, '0376994', 2006, 104),
(41, 'Superman Returns', NULL, '0348150', 2006, 154),
(42, 'Batman Begins', NULL, '0372784', 2005, 140),
(43, 'Dark Knight, The', NULL, '0468569', 2008, 152),
(44, 'Spider-Man', NULL, '0145487', 2002, 121),
(45, 'Spider-Man 2', NULL, '0316654', 2004, 127),
(46, 'Spider-Man 3', NULL, '0413300', 2007, 139),
(47, 'In Bed With Santa', 'Tomten u00c3u00a4r far till alla barnen', '0201265', 1999, 98),
(48, 'Love at First Hiccough', 'Ku00c3u00a6rlighed ved fu00c3u00b8rste hik', '0164711', 1999, 85),
(49, 'Terminator, The', NULL, '0088247', 1984, 108),
(50, 'Terminator 2: Judgment Day', NULL, '0103064', 1991, 137),
(51, 'Terminator 3: Rise of the Machines', NULL, '0181852', 2003, 109),
(52, 'Moscou, Belgium', 'Aanrijding in Moscou', '0948530', 2008, 102),
(53, 'Akira', NULL, '0094625', 1988, 124),
(54, 'Leaving Las Vegas', NULL, '0113627', 1995, 111),
(55, 'Battle Royale', 'Batoru rowaiaru', '0266308', 2000, 114),
(56, 'Give It All', 'Ganbatte ikimasshoi', '0203515', 1998, 120),
(57, 'True Romance', NULL, '0108399', 1993, 120),
(58, 'Jean de Florette', NULL, '0091288', 1986, 120),
(59, 'Manon des sources', NULL, '0091480', 1986, 113),
(60, 'Howl''s Moving Castle', 'Hauru no ugoku shiro', '0347149', 2004, 119),
(61, 'Ghost in the Shell', 'Ku00c3u00b4kaku kidu00c3u00b4tai', '0113568', 1995, 82),
(62, 'Frida', NULL, '0120679', 2002, 123),
(63, 'Pretty in Pink', NULL, '0091790', 1986, 96),
(64, 'Some Kind of Wonderful', NULL, '0094006', 1987, 95),
(65, 'Stand by Me', NULL, '0092005', 1986, 89),
(66, 'About Last Night...', NULL, '0090583', 1986, 113),
(67, 'St. Elmo''s Fire', NULL, '0090060', 1985, 110),
(68, 'Breakfast Club, The', NULL, '0088847', 1985, 97),
(69, 'Sixteen Candles', NULL, '0088128', 1984, 93),
(70, 'Lagaan: Once Upon a Time in India', NULL, '0169102', 2001, 224),
(71, 'Betty Blue', '37u00c2u00b02 le matin', '0090563', 1986, 120),
(72, 'Spirited Away', 'Sen to Chihiro no kamikakushi', '0245429', 2001, 125),
(73, 'Himalaya', 'Himalaya - l''enfance d''un chef', '0210727', 1999, 108),
(74, 'Ice Storm, The', NULL, '0119349', 1997, 112),
(75, 'Pieces of April', NULL, '0311648', 2003, 80),
(76, 'Amores perros', NULL, '0245712', 2000, 154),
(77, 'When Harry Met Sally...', NULL, '0098635', 1989, 96),
(78, 'Little Miss Sunshine', NULL, '0449059', 2006, 101),
(79, 'Wedding Banquet, The', 'Xi yan', '0107156', 1993, 106),
(80, 'Pushing Hands', 'Tui shou', '0105652', 1992, 105),
(81, 'Eat Drink Man Woman', 'Yin shi nan nu', '0111797', 1994, 123),
(82, 'Crouching Tiger, Hidden Dragon', 'Wo hu cang long', '0190332', 2000, 120),
(83, 'Cinema Paradiso', 'Nuovo cinema Paradiso', '0095765', 1988, 155),
(84, 'Wild at Heart', NULL, '0100935', 1990, 124),
(85, 'Cronos', NULL, '0104029', 1993, 94),
(86, 'Devil''s Backbone, The', 'El espinazo del diablo', '0256009', 2001, 106),
(87, 'Pan''s Labyrinth', 'El laberinto del fauno', '0457430', 2006, 119),
(88, 'Nine Queens', 'Nueve reinas', '0247586', 2000, 114),
(89, 'Kamchatka', NULL, '0320042', 2002, 106),
(90, 'The Pope''s Toilet', 'El bau00c3u00b1o del Papa', '0482901', 2007, 90),
(91, 'Year My Parents Went on Vacation, The', 'O Ano em Que Meus Pais Sau00c3u00adram de Fu00c3u00a9rias', '0857355', 2006, 104),
(92, 'Captive', 'Cautiva', '0362496', 2003, 115),
(93, 'Lantana', NULL, '0259393', 2001, 121),
(94, 'Kopps', NULL, '0339230', 2003, 90),
(95, 'Running on Empty', NULL, '0096018', 1988, 116),
(96, 'Pump Up the Volume', NULL, '0100436', 1990, 102),
(97, 'Rain Man', NULL, '0095953', 1988, 133),
(98, 'Fight Club', NULL, '0137523', 1999, 139),
(99, 'Being John Malkovich', NULL, '0120601', 1999, 112),
(100, 'Eternal Sunshine of the Spotless Mind', NULL, '0338013', 2004, 108),
(101, 'Confessions of a Dangerous Mind', NULL, '0270288', 2002, 113),
(102, 'My Own Private Idaho', NULL, '0102494', 1991, 104),
(103, 'Donnie Darko', NULL, '0246578', 2001, 113),
(104, 'Adaptation', NULL, '0268126', 2002, 114),
(105, 'Elling', NULL, '0279064', 2001, 89),
(106, 'Celebration, The', 'Festen', '0154420', 1998, 105),
(107, 'Citizen Kane', NULL, '0033467', 1941, 119),
(108, 'Good Bye Lenin!', NULL, '0301357', 2003, 121),
(109, 'Requiem for a Dream', NULL, '0180093', 2000, 102),
(110, 'Indiana Jones and the Last Crusade', NULL, '0097576', 1989, 127),
(111, 'Counterfeiters, The', 'Die Fu00c3u00a4lscher', '0813547', 2007, 98),
(112, 'Gone Baby Gone', NULL, '0452623', 2007, 114),
(113, 'Brokeback Mountain', NULL, '0388795', 2005, 134),
(114, 'Princess', NULL, '0419073', 2006, 90),
(115, 'Salvador', NULL, '0445691', 2006, 134),
(116, 'Lie with Me', NULL, '0418832', 2005, 93),
(117, 'Noise', NULL, '0809931', 2007, 108),
(118, 'Machuca', NULL, '0378284', 2004, 121),
(119, 'Kitchen Stories', 'Salmer fra kju00c3u00b8kkenet', '0323872', 2003, 95),
(120, 'Good Lawyer''s Wife, A', 'Baramnan gajok', '0372782', 2003, 104);

-- --------------------------------------------------------

--
-- Table structure for table `FILM_MOVIE_COUNTRY`
--

CREATE TABLE IF NOT EXISTS `FILM_MOVIE_COUNTRY` (
  `FILM_ID` int(11) NOT NULL,
  `COUNTRY_ID` char(2) NOT NULL
) ENGINE=InnoDB DEFAULT CHARSET=latin1;

--
-- Dumping data for table `FILM_MOVIE_COUNTRY`
--

INSERT INTO `FILM_MOVIE_COUNTRY` (`FILM_ID`, `COUNTRY_ID`) VALUES
(1, 'US'),
(2, 'US'),
(3, 'US'),
(4, 'US'),
(5, 'GB'),
(6, 'GB'),
(7, 'GB'),
(7, 'US'),
(8, 'GB'),
(8, 'US'),
(9, 'GB'),
(10, 'GB'),
(10, 'US'),
(11, 'GB'),
(11, 'US'),
(12, 'US'),
(13, 'GB'),
(13, 'US'),
(14, 'JP'),
(15, 'JP'),
(16, 'JP'),
(17, 'JP'),
(18, 'JP'),
(19, 'JP'),
(20, 'CN'),
(21, 'CN'),
(21, 'JP'),
(22, 'CN'),
(23, 'CN'),
(23, 'HK'),
(24, 'CN'),
(24, 'HK'),
(25, 'CN'),
(25, 'HK'),
(26, 'GB'),
(27, 'TH'),
(28, 'KR'),
(29, 'KR'),
(29, 'DE'),
(30, 'KR'),
(31, 'IL'),
(32, 'DE'),
(32, 'FR'),
(33, 'FR'),
(33, 'US'),
(34, 'FR'),
(35, 'BA'),
(35, 'SI'),
(35, 'IT'),
(35, 'FR'),
(35, 'GB'),
(35, 'BE'),
(36, 'RU'),
(37, 'US'),
(37, 'GR'),
(37, 'FR'),
(38, 'US'),
(38, 'CA'),
(39, 'CA'),
(39, 'US'),
(40, 'CA'),
(40, 'GB'),
(40, 'US'),
(41, 'US'),
(41, 'AU'),
(42, 'US'),
(43, 'GB'),
(43, 'US'),
(44, 'US'),
(45, 'US'),
(46, 'US'),
(47, 'SE'),
(48, 'DK'),
(49, 'GB'),
(49, 'US'),
(50, 'US'),
(50, 'FR'),
(51, 'US'),
(51, 'GB'),
(51, 'DE'),
(52, 'BE'),
(53, 'JP'),
(54, 'FR'),
(54, 'US'),
(54, 'GB'),
(55, 'JP'),
(56, 'JP'),
(57, 'US'),
(58, 'FR'),
(58, 'CH'),
(58, 'IT'),
(59, 'FR'),
(59, 'CH'),
(59, 'IT'),
(60, 'JP'),
(61, 'JP'),
(61, 'US'),
(62, 'US'),
(62, 'CA'),
(62, 'MX'),
(63, 'US'),
(64, 'US'),
(65, 'US'),
(66, 'US'),
(67, 'US'),
(68, 'US'),
(69, 'US'),
(70, 'IN'),
(71, 'FR'),
(72, 'JP'),
(73, 'FR'),
(73, 'GB'),
(73, 'CH'),
(73, 'NP'),
(74, 'US'),
(75, 'US'),
(76, 'MX'),
(77, 'US'),
(78, 'US'),
(79, 'US'),
(79, 'TW'),
(80, 'TW'),
(81, 'TW'),
(81, 'US'),
(82, 'TW'),
(82, 'US'),
(82, 'HK'),
(82, 'CN'),
(83, 'IT'),
(83, 'FR'),
(84, 'US'),
(85, 'MX'),
(86, 'MX'),
(86, 'ES'),
(87, 'ES'),
(87, 'MX'),
(87, 'US'),
(88, 'AR'),
(89, 'AR'),
(89, 'ES'),
(89, 'IT'),
(90, 'UY'),
(90, 'BR'),
(90, 'FR'),
(91, 'BR'),
(92, 'AR'),
(93, 'AU'),
(93, 'DE'),
(94, 'SE'),
(94, 'DK'),
(95, 'US'),
(96, 'US'),
(96, 'CA'),
(97, 'US'),
(98, 'US'),
(98, 'DE'),
(99, 'US'),
(100, 'US'),
(101, 'US'),
(101, 'GB'),
(101, 'DE'),
(102, 'US'),
(103, 'US'),
(104, 'US'),
(105, 'NO'),
(106, 'DK'),
(106, 'SE'),
(107, 'US'),
(108, 'DE'),
(109, 'US'),
(110, 'US'),
(111, 'DE'),
(111, 'AT'),
(112, 'US'),
(113, 'CA'),
(113, 'US'),
(114, 'DK'),
(114, 'DE'),
(115, 'ES'),
(115, 'GB'),
(116, 'CA'),
(117, 'AU'),
(118, 'CL'),
(118, 'ES'),
(118, 'GB'),
(118, 'FR'),
(119, 'NO'),
(119, 'SE'),
(120, 'KR');

-- --------------------------------------------------------

--
-- Table structure for table `FILM_MOVIE_DIRECTOR`
--

CREATE TABLE IF NOT EXISTS `FILM_MOVIE_DIRECTOR` (
  `FILM_ID` int(11) NOT NULL AUTO_INCREMENT,
  `DIRECTOR_ID` int(11) NOT NULL,
  PRIMARY KEY (`FILM_ID`)
) ENGINE=InnoDB  DEFAULT CHARSET=latin1 AUTO_INCREMENT=121 ;

--
-- Dumping data for table `FILM_MOVIE_DIRECTOR`
--

INSERT INTO `FILM_MOVIE_DIRECTOR` (`FILM_ID`, `DIRECTOR_ID`) VALUES
(1, 1),
(2, 1),
(3, 1),
(4, 1),
(5, 1),
(6, 1),
(7, 1),
(8, 1),
(9, 1),
(10, 1),
(11, 1),
(12, 4),
(13, 1),
(14, 2),
(15, 2),
(16, 2),
(17, 2),
(18, 2),
(19, 2),
(20, 3),
(21, 3),
(22, 3),
(23, 3),
(24, 3),
(25, 3),
(26, 5),
(27, 6),
(28, 7),
(29, 7),
(30, 7),
(31, 8),
(32, 9),
(33, 9),
(34, 9),
(35, 11),
(36, 13),
(37, 14),
(38, 15),
(39, 15),
(40, 16),
(41, 15),
(42, 17),
(43, 17),
(44, 18),
(45, 18),
(46, 18),
(47, 19),
(48, 20),
(49, 21),
(50, 21),
(51, 22),
(52, 23),
(53, 24),
(54, 25),
(55, 26),
(56, 27),
(57, 28),
(58, 29),
(59, 29),
(60, 30),
(61, 31),
(62, 32),
(63, 33),
(64, 33),
(65, 42),
(66, 35),
(67, 36),
(68, 34),
(69, 34),
(70, 37),
(71, 38),
(72, 30),
(73, 39),
(74, 45),
(75, 40),
(76, 41),
(77, 42),
(78, 44),
(79, 45),
(80, 45),
(81, 45),
(82, 45),
(83, 46),
(84, 47),
(85, 48),
(86, 48),
(87, 48),
(88, 49),
(89, 50),
(90, 51),
(91, 53),
(92, 54),
(93, 55),
(94, 80),
(95, 56),
(96, 57),
(97, 58),
(98, 59),
(99, 60),
(100, 61),
(101, 62),
(102, 63),
(103, 64),
(104, 60),
(105, 65),
(106, 66),
(107, 67),
(108, 68),
(109, 69),
(110, 70),
(111, 71),
(112, 72),
(113, 45),
(114, 73),
(115, 74),
(116, 75),
(117, 76),
(118, 77),
(119, 78),
(120, 79);

/*!40101 SET CHARACTER_SET_CLIENT=@OLD_CHARACTER_SET_CLIENT */;
/*!40101 SET CHARACTER_SET_RESULTS=@OLD_CHARACTER_SET_RESULTS */;
/*!40101 SET COLLATION_CONNECTION=@OLD_COLLATION_CONNECTION */;
