<?xml version="1.0" encoding="UTF-8"?>
<!DOCTYPE log4j:configuration SYSTEM "log4j.dtd">

<log4j:configuration xmlns:log4j="http://jakarta.apache.org/log4j/">

	<appender name="appender1"
		class="org.apache.log4j.RollingFileAppender">
		<param name="File" value="/Users/swrd/Documents/LogFiles/logfile08.html" />
		<param name="MaxFileSize" value="1MB" />
		<param name="MaxBackupIndex" value="5" />
		<layout class="org.apache.log4j.HTMLLayout">
		</layout>
	</appender>

	<root>
		<level value="debug" />
		<appender-ref ref="appender1" />
	</root>
</log4j:configuration>